[["level1Tilemap",{"brushes":"[{\"name\":\"Brush 0\",\"type\":\"auto16\",\"data\":[[0,33,3,36],[1,34,2,35],[11,22,14,25],[12,23,13,24]]},{\"name\":\"Brush 1\",\"type\":\"auto47\",\"data\":[[73,39,72,43,37,70,40,38],[71,41,42,5,51,62,50,61],[21,48,59,18,49,60,19,20],[75,10,32,15,8,30,65,54],[4,7,29,17,9,31,52,63],[6,27,53,26,28,64,16,null]]}]"}],["TilemapBack",{"brushes":"[{\"name\":\"Brush 0\",\"type\":\"auto16\",\"data\":[[0,33,3,36],[1,34,2,35],[11,22,14,25],[12,23,13,24]]},{\"name\":\"Brush 1\",\"type\":\"auto47\",\"data\":[[73,39,72,43,37,70,40,38],[71,41,42,5,51,62,50,61],[21,48,59,18,49,60,19,20],[75,10,32,15,8,30,65,54],[4,7,29,17,9,31,52,63],[6,27,53,26,28,64,16,null]]}]"}],["level2Tilemap",{"brushes":"[{\"name\":\"Brush 0\",\"type\":\"auto16\",\"data\":[[0,33,3,36],[1,34,2,35],[11,22,14,25],[12,23,13,24]]},{\"name\":\"Brush 1\",\"type\":\"auto47\",\"data\":[[73,39,72,43,37,70,40,38],[71,41,42,5,51,62,50,61],[21,48,59,18,49,60,19,20],[75,10,32,15,8,30,65,54],[4,7,29,17,9,31,52,63],[6,27,53,26,28,64,16,null]]}]"}],["level1Tilemap2",{"brushes":"[{\"name\":\"Brush 0\",\"type\":\"auto16\",\"data\":[[0,33,3,36],[1,34,2,35],[11,22,14,25],[12,23,13,24]]},{\"name\":\"Brush 1\",\"type\":\"auto47\",\"data\":[[73,39,72,43,37,70,40,38],[71,41,42,5,51,62,50,61],[21,48,59,18,49,60,19,20],[75,10,32,15,8,30,65,54],[4,7,29,17,9,31,52,63],[6,27,53,26,28,64,16,null]]}]"}],["Cet",{"animations":"{\"expanded\":true,\"subfolders\":[]}"}],["camera",{"animations":"{\"expanded\":true,\"subfolders\":[]}"}],["Cursor",{"animations":"{\"expanded\":true,\"subfolders\":[]}"}],["Gun",{"animations":"{\"expanded\":true,\"subfolders\":[]}"}],["Sprite2",{"animations":"{\"expanded\":true,\"subfolders\":[]}"}],["Спрайт",{"animations":"{\"expanded\":true,\"subfolders\":[]}"}],["Box",{"animations":"{\"expanded\":true,\"subfolders\":[]}"}],["Sprite3",{"animations":"{\"expanded\":true,\"subfolders\":[]}"}],["Sprite4",{"animations":"{\"expanded\":true,\"subfolders\":[]}"}],["HP",{"animations":"{\"expanded\":true,\"subfolders\":[]}"}],["Spawn",{"animations":"{\"expanded\":true,\"subfolders\":[]}"}],["Dummy",{"animations":"{\"expanded\":true,\"subfolders\":[]}"}],["Sprite",{"animations":"{\"expanded\":true,\"subfolders\":[]}"}],["Tower",{"animations":"{\"expanded\":true,\"subfolders\":[]}"}],["Sprite5",{"animations":"{\"expanded\":true,\"subfolders\":[]}"}]]