{"propertiesBar":{"properties":[{"name":"About","expanded":true,"children":[]},{"name":"Colors","expanded":true,"children":[]},{"name":"Startup","expanded":true,"children":[]},{"name":"Display","expanded":true,"children":[{"name":"Viewport size","expanded":false,"children":[]}]},{"name":"Advanced","expanded":true,"children":[]},{"name":"Compatibility settings","expanded":true,"children":[]},{"name":"Editor","expanded":true,"children":[]}],"scrollPosition":0},"openTabs":{"active":{"name":"Layout 1","type":"layout"},"open":[{"name":"Layout 1","type":"layout"},{"name":"Event sheet 1","type":"eventSheet"}]},"previewEffects":true,"previewBrowser":"default","pauseOnUnfocus":false,"projectBar":{"name":"<root>","children":[{"name":"TopDown 0 Bohdan шутан","expanded":true,"children":[{"name":"Layouts","expanded":true,"children":[{"name":"Layout 1","expanded":true,"children":[]}]},{"name":"Event sheets","expanded":true,"children":[{"name":"Event sheet 1","expanded":true,"children":[]}]},{"name":"Scripts","expanded":true,"children":[]},{"name":"Object types","expanded":true,"children":[{"name":"Box","expanded":true,"children":[]},{"name":"camera","expanded":true,"children":[]},{"name":"Cet","expanded":true,"children":[]},{"name":"Cursor","expanded":true,"children":[]},{"name":"Dummy","expanded":true,"children":[]},{"name":"Gun","expanded":true,"children":[]},{"name":"HP","expanded":true,"children":[]},{"name":"Keyboard","expanded":true,"children":[]},{"name":"level1Tilemap","expanded":true,"children":[]},{"name":"level1Tilemap2","expanded":true,"children":[]},{"name":"level2Tilemap","expanded":true,"children":[]},{"name":"Mouse","expanded":true,"children":[]},{"name":"Spawn","expanded":true,"children":[]},{"name":"Sprite","expanded":true,"children":[]},{"name":"Sprite2","expanded":true,"children":[]},{"name":"Sprite3","expanded":true,"children":[]},{"name":"Sprite4","expanded":true,"children":[]},{"name":"Sprite5","expanded":true,"children":[]},{"name":"TilemapBack","expanded":true,"children":[]},{"name":"Tower","expanded":true,"children":[]},{"name":"Спрайт","expanded":true,"children":[]}]},{"name":"Families","expanded":true,"children":[]},{"name":"Timelines","expanded":true,"children":[{"name":"Eases","expanded":false,"children":[]},{"name":"Timeline 1","expanded":true,"children":[]}]},{"name":"Sounds","expanded":true,"children":[]},{"name":"Music","expanded":true,"children":[]},{"name":"Videos","expanded":true,"children":[]},{"name":"Fonts","expanded":true,"children":[]},{"name":"Icons","expanded":false,"children":[{"name":"icon-128.png","expanded":true,"children":[]},{"name":"icon-16.png","expanded":true,"children":[]},{"name":"icon-256.png","expanded":true,"children":[]},{"name":"icon-32.png","expanded":true,"children":[]},{"name":"icon-512.png","expanded":true,"children":[]},{"name":"icon-64.png","expanded":true,"children":[]},{"name":"loading-logo.png","expanded":true,"children":[]}]},{"name":"Files","expanded":true,"children":[]}]}]},"propertiesBarActiveObject":{"name":"instances","type":"array"},"containers":[{"selectMode":"normal"},{"selectMode":"normal"}]}