{
	"name": "Layout 1",
	"layers": [
		{
			"name": "Back",
			"overriden": 0,
			"subLayers": [],
			"instances": [
				{
					"type": "TilemapBack",
					"properties": {
						"initially-visible": true,
						"tile-width": 16,
						"tile-height": 16,
						"tile-x-offset": 0,
						"tile-y-offset": 0,
						"tile-x-spacing": 0,
						"tile-y-spacing": 0,
						"tile-x-drawing-offset": 0,
						"tile-y-drawing-offset": 0,
						"drawing-mode": "top-to-right"
					},
					"uid": 3,
					"instanceVariables": {},
					"behaviors": {},
					"ownData": {
						"tilemapData": {
							"width": 33,
							"height": 16,
							"max-width": 52,
							"max-height": 38,
							"data": "15x4,23x0,15x4,23x0,15x4,23x0,15x4,23x0,15x4,23x0,15x4,23x0,15x4,23x0,15x4,23x0,15x4,23x0,15x4,23x0,15x4,23x0,15x4,23x0,15x4,23x0,15x4,23x0,15x4,23x0,15x4,23x0,15x4,23x0,15x4,23x0,15x4,23x0,15x4,23x0,15x4,23x0,15x4,23x0,15x4,23x0,15x4,23x0,15x4,23x0,15x4,23x0,15x4,23x0,15x4,23x0,15x4,23x0,15x4,23x0,15x4,821x0"
						},
						"tile-width": 16,
						"tile-height": 16,
						"tile-x-offset": 0,
						"tile-y-offset": 0,
						"tile-x-spacing": 0,
						"tile-y-spacing": 0
					},
					"world": {
						"x": -651.4212558038838,
						"y": -5.862794863767363,
						"width": 531.3019702799592,
						"height": 265,
						"originX": 0,
						"originY": 0,
						"color": [
							1,
							1,
							1,
							1
						],
						"zElevation": 0
					}
				}
			],
			"sid": 414943006695908,
			"effectTypes": [],
			"isInitiallyVisible": true,
			"isInitiallyInteractive": true,
			"color": [
				1,
				1,
				1,
				1
			],
			"backgroundColor": [
				1,
				1,
				1,
				1
			],
			"isTransparent": true,
			"parallaxX": 1,
			"parallaxY": 1,
			"scaleRate": 1,
			"forceOwnTexture": false,
			"renderingMode": "3d",
			"drawOrder": "z-order",
			"useRenderCells": false,
			"blendMode": "normal",
			"zElevation": 0,
			"global": false
		},
		{
			"name": "Wall",
			"overriden": 0,
			"subLayers": [],
			"instances": [
				{
					"type": "level1Tilemap",
					"properties": {
						"initially-visible": true,
						"tile-width": 16,
						"tile-height": 16,
						"tile-x-offset": 0,
						"tile-y-offset": 0,
						"tile-x-spacing": 0,
						"tile-y-spacing": 0,
						"tile-x-drawing-offset": 0,
						"tile-y-drawing-offset": 0,
						"drawing-mode": "top-to-right"
					},
					"uid": 2,
					"instanceVariables": {},
					"behaviors": {
						"Solid": {
							"properties": {
								"enabled": true,
								"tags": ""
							}
						}
					},
					"ownData": {
						"tilemapData": {
							"width": 16,
							"height": 16,
							"max-width": 35,
							"max-height": 34,
							"data": "16x1,18x0,1,14x0,1,18x0,1,14x0,1,18x0,1,14x0,1,18x0,1,14x0,1,18x0,1,14x0,1,18x0,1,14x0,1,18x0,1,14x0,1,18x0,1,14x0,1,18x0,1,14x0,1,18x0,1,14x0,1,18x0,1,14x0,1,18x0,1,14x0,1,18x0,1,14x0,1,18x0,1,14x0,1,18x0,6x1,3x0,7x1,664x0"
						},
						"tile-width": 16,
						"tile-height": 16,
						"tile-x-offset": 0,
						"tile-y-offset": 0,
						"tile-x-spacing": 0,
						"tile-y-spacing": 0
					},
					"world": {
						"x": -451.19811127709147,
						"y": -14.582391221097623,
						"width": 260,
						"height": 263,
						"originX": 0,
						"originY": 0,
						"color": [
							1,
							1,
							1,
							1
						],
						"zElevation": 0
					}
				}
			],
			"sid": 869778743616458,
			"effectTypes": [],
			"isInitiallyVisible": true,
			"isInitiallyInteractive": true,
			"color": [
				1,
				1,
				1,
				1
			],
			"backgroundColor": [
				1,
				1,
				1,
				1
			],
			"isTransparent": true,
			"parallaxX": 1,
			"parallaxY": 1,
			"scaleRate": 1,
			"forceOwnTexture": false,
			"renderingMode": "3d",
			"drawOrder": "z-order",
			"useRenderCells": false,
			"blendMode": "normal",
			"zElevation": 0,
			"global": false
		},
		{
			"name": "Objecter",
			"overriden": 0,
			"subLayers": [],
			"instances": [],
			"sid": 180028300101098,
			"effectTypes": [],
			"isInitiallyVisible": true,
			"isInitiallyInteractive": true,
			"color": [
				1,
				1,
				1,
				1
			],
			"backgroundColor": [
				1,
				1,
				1,
				1
			],
			"isTransparent": true,
			"parallaxX": 1,
			"parallaxY": 1,
			"scaleRate": 1,
			"forceOwnTexture": false,
			"renderingMode": "3d",
			"drawOrder": "z-order",
			"useRenderCells": false,
			"blendMode": "normal",
			"zElevation": 0,
			"global": false
		},
		{
			"name": "Character",
			"overriden": 0,
			"subLayers": [],
			"instances": [
				{
					"type": "level2Tilemap",
					"properties": {
						"initially-visible": true,
						"tile-width": 16,
						"tile-height": 16,
						"tile-x-offset": 0,
						"tile-y-offset": 0,
						"tile-x-spacing": 0,
						"tile-y-spacing": 0,
						"tile-x-drawing-offset": 0,
						"tile-y-drawing-offset": 0,
						"drawing-mode": "top-to-right"
					},
					"uid": 8,
					"instanceVariables": {},
					"behaviors": {
						"Solid": {
							"properties": {
								"enabled": true,
								"tags": ""
							}
						}
					},
					"ownData": {
						"tilemapData": {
							"width": 16,
							"height": 16,
							"max-width": 35,
							"max-height": 34,
							"data": "6x1,3x0,7x1,18x0,1,14x0,1,18x0,1,14x0,1,18x0,1,14x0,1,18x0,1,14x0,1,18x0,1,14x0,1,18x0,1,14x0,1,18x0,1,14x0,1,18x0,1,14x0,1,18x0,1,14x0,1,18x0,1,14x0,1,18x0,1,14x0,1,18x0,1,14x0,1,18x0,1,14x0,1,18x0,1,14x0,1,18x0,6x1,4x3,6x1,664x0"
						},
						"tile-width": 16,
						"tile-height": 16,
						"tile-x-offset": 0,
						"tile-y-offset": 0,
						"tile-x-spacing": 0,
						"tile-y-spacing": 0
					},
					"world": {
						"x": -451.0888258400363,
						"y": -15.033553950584974,
						"width": 260,
						"height": 263,
						"originX": 0,
						"originY": 0,
						"color": [
							1,
							1,
							1,
							1
						],
						"zElevation": 0
					}
				},
				{
					"type": "Cursor",
					"properties": {
						"initially-visible": true,
						"initial-animation": "Animation 1",
						"initial-frame": 0,
						"enable-collisions": true,
						"live-preview": false
					},
					"uid": 9,
					"instanceVariables": {},
					"behaviors": {},
					"world": {
						"x": -104.22933159647559,
						"y": -62.330605438203555,
						"width": 10,
						"height": 10,
						"originX": 0.5,
						"originY": 0.5,
						"color": [
							1,
							1,
							1,
							1
						],
						"angle": 0,
						"zElevation": 0
					}
				},
				{
					"type": "Gun",
					"properties": {
						"initially-visible": true,
						"initial-animation": "Animation 1",
						"initial-frame": 0,
						"enable-collisions": true,
						"live-preview": false
					},
					"uid": 10,
					"instanceVariables": {},
					"behaviors": {
						"Pin": {
							"properties": {
								"destroy": false
							}
						}
					},
					"world": {
						"x": -30.192263736520246,
						"y": -47.69303152448714,
						"width": 22.741084998110182,
						"height": 16.516384679215477,
						"originX": -0.375,
						"originY": 0.3,
						"color": [
							1,
							1,
							1,
							1
						],
						"angle": 5.912753715001709,
						"zElevation": 0
					}
				},
				{
					"type": "Sprite2",
					"properties": {
						"initially-visible": true,
						"initial-animation": "Animation 1",
						"initial-frame": 0,
						"enable-collisions": true,
						"live-preview": false
					},
					"uid": 11,
					"instanceVariables": {
						"DMG": 1
					},
					"behaviors": {
						"Bullet": {
							"properties": {
								"speed": 400,
								"acceleration": 0,
								"gravity": 0,
								"bounce-off-solids": false,
								"set-angle": true,
								"step": false,
								"enabled": true
							}
						},
						"DestroyOutsideLayout": {
							"properties": {}
						}
					},
					"world": {
						"x": -105.39571525353607,
						"y": -56.9170269454943,
						"width": 12,
						"height": 6,
						"originX": 0.5,
						"originY": 0.5,
						"color": [
							1,
							1,
							1,
							1
						],
						"angle": 0,
						"zElevation": 0
					}
				},
				{
					"type": "level1Tilemap2",
					"properties": {
						"initially-visible": true,
						"tile-width": 16,
						"tile-height": 16,
						"tile-x-offset": 0,
						"tile-y-offset": 0,
						"tile-x-spacing": 0,
						"tile-y-spacing": 0,
						"tile-x-drawing-offset": 0,
						"tile-y-drawing-offset": 0,
						"drawing-mode": "top-to-right"
					},
					"uid": 12,
					"instanceVariables": {},
					"behaviors": {
						"Solid": {
							"properties": {
								"enabled": true,
								"tags": ""
							}
						}
					},
					"ownData": {
						"tilemapData": {
							"width": 32,
							"height": 31,
							"max-width": 65,
							"max-height": 56,
							"data": "17x4,39x0,4,15x0,4,39x0,4,0,2x4,2x0,4,9x0,4,39x0,4,5x0,4,0,2x4,2x0,3x4,0,4,39x0,4,5x0,4,2x0,4,2x0,3x4,0,4,39x0,4,2x0,4,2x0,4x4,2x0,3x4,0,4,39x0,4,2x0,4,2x0,4,2x0,4,2x0,3x4,0,4,39x0,4,2x0,4,2x0,4,5x0,3x4,0,4,39x0,4,2x0,7x4,2x0,3x4,0,4,39x0,4,11x0,3x4,0,4,39x0,4,11x0,3x4,0,4,39x0,4,11x0,3x4,0,4,39x0,4,2x0,12x4,0,4,39x0,4,11x0,3x4,0,4,39x0,4,11x0,3x4,0,4,39x0,4,9x0,4,5x0,4,39x0,17x4,2727x0"
						},
						"tile-width": 16,
						"tile-height": 16,
						"tile-x-offset": 0,
						"tile-y-offset": 0,
						"tile-x-spacing": 0,
						"tile-y-spacing": 0
					},
					"world": {
						"x": -0.3246125329655172,
						"y": -0.10244536992016151,
						"width": 512.5130834529489,
						"height": 511.94075570722055,
						"originX": 0,
						"originY": 0,
						"color": [
							1,
							1,
							1,
							1
						],
						"zElevation": 0
					}
				},
				{
					"type": "Спрайт",
					"properties": {
						"initially-visible": true,
						"initial-animation": "on",
						"initial-frame": 0,
						"enable-collisions": true,
						"live-preview": false
					},
					"uid": 13,
					"instanceVariables": {
						"Flag": 1
					},
					"behaviors": {
						"ЗнищенняПозаРівнем": {
							"properties": {}
						}
					},
					"world": {
						"x": -67.4155087886394,
						"y": -177.6814684971342,
						"width": 16,
						"height": 16,
						"originX": 0.5,
						"originY": 0.5,
						"color": [
							1,
							1,
							1,
							1
						],
						"angle": 0,
						"zElevation": 0
					}
				},
				{
					"type": "Спрайт",
					"properties": {
						"initially-visible": true,
						"initial-animation": "on",
						"initial-frame": 0,
						"enable-collisions": true,
						"live-preview": false
					},
					"uid": 14,
					"instanceVariables": {
						"Flag": 1
					},
					"behaviors": {
						"ЗнищенняПозаРівнем": {
							"properties": {}
						}
					},
					"world": {
						"x": -69.14537963697632,
						"y": -47.84849770177004,
						"width": 16,
						"height": 16,
						"originX": 0.5,
						"originY": 0.5,
						"color": [
							1,
							1,
							1,
							1
						],
						"angle": 0,
						"zElevation": 0
					}
				},
				{
					"type": "Cet",
					"properties": {
						"initially-visible": true,
						"initial-animation": "IDLE",
						"initial-frame": 0,
						"enable-collisions": true,
						"live-preview": false
					},
					"uid": 4,
					"instanceVariables": {},
					"behaviors": {
						"8Direction": {
							"properties": {
								"max-speed": 200,
								"acceleration": 600,
								"deceleration": 500,
								"directions": "dir-8",
								"set-angle": "no",
								"allow-sliding": false,
								"default-controls": true,
								"enabled": true
							}
						}
					},
					"world": {
						"x": 33.00667401857507,
						"y": 248.31471402819494,
						"width": 15.594377420197503,
						"height": 15.712083489047949,
						"originX": 0.5625,
						"originY": 0.5,
						"color": [
							1,
							1,
							1,
							1
						],
						"angle": 0,
						"zElevation": 0
					}
				},
				{
					"type": "Box",
					"properties": {
						"initially-visible": true,
						"initial-animation": "Animation 1",
						"initial-frame": 0,
						"enable-collisions": true,
						"live-preview": false
					},
					"uid": 15,
					"instanceVariables": {
						"HP": 4
					},
					"behaviors": {},
					"world": {
						"x": 120.10862289811229,
						"y": 88.12379467140359,
						"width": 16,
						"height": 16,
						"originX": 0.5,
						"originY": 0.5,
						"color": [
							1,
							1,
							1,
							1
						],
						"angle": 0,
						"zElevation": 0
					}
				},
				{
					"type": "Box",
					"properties": {
						"initially-visible": true,
						"initial-animation": "Animation 1",
						"initial-frame": 0,
						"enable-collisions": true,
						"live-preview": false
					},
					"uid": 16,
					"instanceVariables": {
						"HP": 4
					},
					"behaviors": {},
					"world": {
						"x": 119.41644710241229,
						"y": 72.90042899612402,
						"width": 16,
						"height": 16,
						"originX": 0.5,
						"originY": 0.5,
						"color": [
							1,
							1,
							1,
							1
						],
						"angle": 0,
						"zElevation": 0
					}
				},
				{
					"type": "Box",
					"properties": {
						"initially-visible": true,
						"initial-animation": "Animation 1",
						"initial-frame": 0,
						"enable-collisions": true,
						"live-preview": false
					},
					"uid": 17,
					"instanceVariables": {
						"HP": 4
					},
					"behaviors": {},
					"world": {
						"x": 104.19308863178804,
						"y": 88.12378235156388,
						"width": 16,
						"height": 16,
						"originX": 0.5,
						"originY": 0.5,
						"color": [
							1,
							1,
							1,
							1
						],
						"angle": 0,
						"zElevation": 0
					}
				},
				{
					"type": "Box",
					"properties": {
						"initially-visible": true,
						"initial-animation": "Animation 1",
						"initial-frame": 0,
						"enable-collisions": true,
						"live-preview": false
					},
					"uid": 18,
					"instanceVariables": {
						"HP": 4
					},
					"behaviors": {},
					"world": {
						"x": -101.84962405035762,
						"y": -21.899659647623196,
						"width": 16,
						"height": 16,
						"originX": 0.5,
						"originY": 0.5,
						"color": [
							1,
							1,
							1,
							1
						],
						"angle": 0,
						"zElevation": 0
					}
				},
				{
					"type": "Sprite2",
					"properties": {
						"initially-visible": true,
						"initial-animation": "Animation 1",
						"initial-frame": 0,
						"enable-collisions": true,
						"live-preview": false
					},
					"uid": 19,
					"instanceVariables": {
						"DMG": 1
					},
					"behaviors": {
						"Bullet": {
							"properties": {
								"speed": 400,
								"acceleration": 0,
								"gravity": 0,
								"bounce-off-solids": false,
								"set-angle": true,
								"step": false,
								"enabled": true
							}
						},
						"DestroyOutsideLayout": {
							"properties": {}
						}
					},
					"world": {
						"x": -46.656299375031026,
						"y": -45.08066306367999,
						"width": 12,
						"height": 6,
						"originX": 0.5,
						"originY": 0.5,
						"color": [
							1,
							1,
							1,
							1
						],
						"angle": 0,
						"zElevation": 0
					}
				},
				{
					"type": "Sprite3",
					"properties": {
						"initially-visible": true,
						"initial-animation": "Animation 1",
						"initial-frame": 0,
						"enable-collisions": true,
						"live-preview": false
					},
					"uid": 20,
					"instanceVariables": {},
					"behaviors": {},
					"world": {
						"x": -161.63155966962105,
						"y": -64.93991337886135,
						"width": 16,
						"height": 16,
						"originX": 0.5,
						"originY": 0.5,
						"color": [
							1,
							1,
							1,
							1
						],
						"angle": 0,
						"zElevation": 0
					}
				},
				{
					"type": "Sprite4",
					"properties": {
						"initially-visible": true,
						"initial-animation": "Animation 1",
						"initial-frame": 0,
						"enable-collisions": true,
						"live-preview": false
					},
					"uid": 21,
					"instanceVariables": {
						"HP": 2
					},
					"behaviors": {},
					"world": {
						"x": 71.562551662719,
						"y": 128.4656450284193,
						"width": 11,
						"height": 15,
						"originX": 0.5,
						"originY": 0.5,
						"color": [
							1,
							1,
							1,
							1
						],
						"angle": 6.272650326238705,
						"zElevation": 0
					}
				},
				{
					"type": "HP",
					"properties": {
						"initially-visible": true,
						"initial-animation": "Animation 1",
						"initial-frame": 0,
						"enable-collisions": true,
						"live-preview": false
					},
					"uid": 22,
					"instanceVariables": {},
					"behaviors": {
						"Pin": {
							"properties": {
								"destroy": false
							}
						},
						"DestroyOutsideLayout": {
							"properties": {}
						}
					},
					"world": {
						"x": -29.966586432620176,
						"y": -39.544567416698854,
						"width": 10.995613747035073,
						"height": 4.075920001980563,
						"originX": 0.5,
						"originY": 0.5,
						"color": [
							1,
							1,
							1,
							1
						],
						"angle": 0,
						"zElevation": 0
					}
				},
				{
					"type": "Spawn",
					"properties": {
						"initially-visible": true,
						"initial-animation": "Animation 1",
						"initial-frame": 0,
						"enable-collisions": true,
						"live-preview": false
					},
					"uid": 23,
					"instanceVariables": {},
					"behaviors": {},
					"world": {
						"x": 71.67089977154896,
						"y": 135.86992720261142,
						"width": 16,
						"height": 16,
						"originX": 0.5,
						"originY": 0.5,
						"color": [
							1,
							1,
							1,
							1
						],
						"angle": 0,
						"zElevation": 0
					}
				},
				{
					"type": "Dummy",
					"properties": {
						"initially-visible": true,
						"initial-animation": "Animation 1",
						"initial-frame": 0,
						"enable-collisions": true,
						"live-preview": false
					},
					"uid": 24,
					"instanceVariables": {},
					"behaviors": {
						"8Direction": {
							"properties": {
								"max-speed": 300,
								"acceleration": 600,
								"deceleration": 500,
								"directions": "dir-8",
								"set-angle": "no",
								"allow-sliding": false,
								"default-controls": false,
								"enabled": true
							}
						},
						"LineOfSight": {
							"properties": {
								"obstacles": "solids",
								"range": 150,
								"cone-of-view": 360,
								"use-collision-cells": true
							}
						},
						"Flash": {
							"properties": {}
						}
					},
					"world": {
						"x": 232.90013361119696,
						"y": 183.61591910639422,
						"width": 16,
						"height": 17,
						"originX": 0.5,
						"originY": 0.5,
						"color": [
							1,
							1,
							1,
							1
						],
						"angle": 0,
						"zElevation": 0
					}
				},
				{
					"type": "Sprite",
					"properties": {
						"initially-visible": true,
						"initial-animation": "Animation 1",
						"initial-frame": 0,
						"enable-collisions": true,
						"live-preview": false
					},
					"uid": 25,
					"instanceVariables": {},
					"behaviors": {},
					"world": {
						"x": -48.597864633631104,
						"y": -100.96986742574549,
						"width": 16,
						"height": 10,
						"originX": 0.5,
						"originY": 0.5,
						"color": [
							1,
							1,
							1,
							1
						],
						"angle": 0,
						"zElevation": 0
					}
				},
				{
					"type": "Tower",
					"properties": {
						"initially-visible": true,
						"initial-animation": "Animation 1",
						"initial-frame": 0,
						"enable-collisions": true,
						"live-preview": false
					},
					"uid": 26,
					"instanceVariables": {},
					"behaviors": {},
					"world": {
						"x": 167.85473607724902,
						"y": 71.17072275700653,
						"width": 16,
						"height": 16,
						"originX": 0.5,
						"originY": 0.5,
						"color": [
							1,
							1,
							1,
							1
						],
						"angle": 0,
						"zElevation": 0
					}
				},
				{
					"type": "Sprite5",
					"properties": {
						"initially-visible": true,
						"initial-animation": "Animation 1",
						"initial-frame": 0,
						"enable-collisions": true,
						"live-preview": false
					},
					"uid": 27,
					"instanceVariables": {},
					"behaviors": {},
					"world": {
						"x": -38.54282631304645,
						"y": -55.65886463376155,
						"width": 8,
						"height": 6,
						"originX": 0.5,
						"originY": 0.5,
						"color": [
							1,
							1,
							1,
							1
						],
						"angle": 0,
						"zElevation": 0
					}
				}
			],
			"sid": 769810823707764,
			"effectTypes": [],
			"isInitiallyVisible": true,
			"isInitiallyInteractive": true,
			"color": [
				1,
				1,
				1,
				1
			],
			"backgroundColor": [
				1,
				1,
				1,
				1
			],
			"isTransparent": true,
			"parallaxX": 1,
			"parallaxY": 1,
			"scaleRate": 1,
			"forceOwnTexture": false,
			"renderingMode": "3d",
			"drawOrder": "z-order",
			"useRenderCells": false,
			"blendMode": "normal",
			"zElevation": 0,
			"global": false
		},
		{
			"name": "Bullets",
			"overriden": 0,
			"subLayers": [],
			"instances": [],
			"sid": 391169384227704,
			"effectTypes": [],
			"isInitiallyVisible": true,
			"isInitiallyInteractive": true,
			"color": [
				1,
				1,
				1,
				1
			],
			"backgroundColor": [
				1,
				1,
				1,
				1
			],
			"isTransparent": true,
			"parallaxX": 1,
			"parallaxY": 1,
			"scaleRate": 1,
			"forceOwnTexture": false,
			"renderingMode": "3d",
			"drawOrder": "z-order",
			"useRenderCells": false,
			"blendMode": "normal",
			"zElevation": 0,
			"global": false
		},
		{
			"name": "Interface",
			"overriden": 0,
			"subLayers": [],
			"instances": [
				{
					"type": "camera",
					"properties": {
						"initially-visible": false,
						"initial-animation": "Animation 1",
						"initial-frame": 0,
						"enable-collisions": true,
						"live-preview": false
					},
					"uid": 7,
					"instanceVariables": {},
					"behaviors": {
						"ScrollTo": {
							"properties": {
								"enabled": true
							}
						},
						"Pin": {
							"properties": {
								"destroy": false
							}
						}
					},
					"world": {
						"x": -106.94206035568865,
						"y": -59.26535982540199,
						"width": 89.1297767269874,
						"height": 77.31954116302379,
						"originX": 0.372,
						"originY": 1.212,
						"color": [
							1,
							1,
							1,
							1
						],
						"angle": 0,
						"zElevation": 0
					}
				}
			],
			"sid": 289266962188729,
			"effectTypes": [],
			"isInitiallyVisible": true,
			"isInitiallyInteractive": true,
			"color": [
				1,
				1,
				1,
				1
			],
			"backgroundColor": [
				1,
				1,
				1,
				1
			],
			"isTransparent": true,
			"parallaxX": 1,
			"parallaxY": 1,
			"scaleRate": 1,
			"forceOwnTexture": false,
			"renderingMode": "3d",
			"drawOrder": "z-order",
			"useRenderCells": false,
			"blendMode": "normal",
			"zElevation": 0,
			"global": false
		}
	],
	"sid": 612371252450472,
	"nonworld-instances": [],
	"effectTypes": [],
	"width": 512,
	"height": 512,
	"unboundedScrolling": false,
	"vpX": 0.5,
	"vpY": 0.5,
	"projection": "perspective",
	"eventSheet": "Event sheet 1"
}