{
  "version": 1,
  "author": "Bohdan Pohorielov",
  "editor": "wokwi",
  "parts": [
    { "type": "wokwi-arduino-nano", "id": "nano", "top": -24, "left": -0.5, "attrs": {} },
    {
      "type": "wokwi-max7219-matrix",
      "id": "matrix1",
      "top": -159.28,
      "left": -75.5,
      "rotate": 90,
      "attrs": { "chain": "2" }
    },
    {
      "type": "wokwi-pushbutton-6mm",
      "id": "btn1",
      "top": -184.6,
      "left": 172.8,
      "attrs": { "color": "green", "key": "a" }
    },
    {
      "type": "wokwi-pushbutton-6mm",
      "id": "btn2",
      "top": -155.8,
      "left": 182.4,
      "attrs": { "color": "green", "key": "b" }
    },
    {
      "type": "wokwi-pushbutton-6mm",
      "id": "btn3",
      "top": -136.6,
      "left": 134.4,
      "attrs": { "color": "green", "key": "ArrowRight", "bounce": "0" }
    },
    {
      "type": "wokwi-pushbutton-6mm",
      "id": "btn4",
      "top": -136.6,
      "left": 76.8,
      "attrs": { "color": "green", "key": "ArrowLeft", "bounce": "0" }
    },
    {
      "type": "wokwi-pushbutton-6mm",
      "id": "btn5",
      "top": -175,
      "left": 105.6,
      "attrs": { "color": "green", "key": "ArrowUp", "bounce": "0" }
    },
    {
      "type": "wokwi-pushbutton-6mm",
      "id": "btn6",
      "top": -98.2,
      "left": 105.6,
      "attrs": { "color": "green", "key": "ArrowDown", "bounce": "0" }
    },
    { "type": "wokwi-gnd", "id": "gnd1", "top": -153.6, "left": 210.6, "attrs": {} },
    {
      "type": "wokwi-buzzer",
      "id": "bz1",
      "top": -98.7,
      "left": 254.1,
      "rotate": 90,
      "attrs": { "volume": "0.1" }
    }
  ],
  "connections": [
    [ "matrix1:CLK", "nano:11", "green", [ "h0" ] ],
    [ "matrix1:CS", "nano:10", "green", [ "h0" ] ],
    [ "matrix1:DIN", "nano:12", "green", [ "h0" ] ],
    [ "btn1:2.l", "nano:2", "green", [ "v134.8", "h-57.6" ] ],
    [ "btn2:2.l", "nano:3", "green", [ "v96.4", "h-76.8" ] ],
    [ "btn4:2.l", "nano:7", "green", [ "h-19.2", "v86.8", "h9.6" ] ],
    [ "btn5:2.l", "nano:6", "green", [ "h-38.4", "v0.4", "h0", "v115.2", "h9.6" ] ],
    [ "btn6:2.l", "nano:5", "green", [ "h-19.2", "v0.4" ] ],
    [ "btn3:2.l", "nano:4", "green", [ "h0", "v10", "h-38.4" ] ],
    [ "btn5:1.r", "btn1:1.l", "red", [ "h29.6", "v-9.6" ] ],
    [ "btn3:1.l", "btn4:1.r", "red", [ "h0" ] ],
    [ "btn3:1.r", "btn5:1.r", "red", [ "v-38.4", "h-28.8" ] ],
    [ "btn6:1.l", "btn4:1.r", "red", [ "h9.6", "v-38.4" ] ],
    [ "btn2:1.r", "btn1:1.r", "red", [ "v-28.8", "h0.8" ] ],
    [ "gnd1:GND", "btn2:1.r", "black", [ "v0" ] ],
    [ "gnd1:GND", "bz1:1", "black", [ "v0" ] ],
    [ "bz1:2", "nano:4", "green", [ "h0" ] ]
  ],
  "dependencies": {}
}