{
	"name": "Box",
	"plugin-id": "Sprite",
	"sid": 252931061017505,
	"isGlobal": false,
	"instanceVariables": [
		{
			"name": "HP",
			"type": "number",
			"desc": "",
			"show": true,
			"sid": 482575002425849
		}
	],
	"behaviorTypes": [],
	"effectTypes": [],
	"animations": {
		"items": [
			{
				"frames": [
					{
						"width": 16,
						"height": 16,
						"originX": 0.5,
						"originY": 0.5,
						"originalSource": "",
						"exportFormat": "lossless",
						"exportQuality": 0.8,
						"imageSpriteId": 2366234,
						"collisionPoly": {
							"points": [
								0.125,
								0,
								0.875,
								0,
								1,
								0.125,
								1,
								0.875,
								0.875,
								1,
								0.125,
								1,
								0,
								0.875,
								0,
								0.125
							]
						},
						"useCollisionPoly": true,
						"duration": 1,
						"tag": ""
					},
					{
						"width": 16,
						"height": 16,
						"originX": 0.5,
						"originY": 0.5,
						"originalSource": "",
						"exportFormat": "lossless",
						"exportQuality": 0.8,
						"imageSpriteId": 1765403,
						"collisionPoly": {
							"points": [
								0.125,
								0,
								0.875,
								0,
								1,
								0.125,
								1,
								0.875,
								0.875,
								1,
								0.125,
								1,
								0,
								0.875,
								0,
								0.125
							]
						},
						"useCollisionPoly": true,
						"duration": 1,
						"tag": ""
					}
				],
				"sid": 447875020004976,
				"name": "Animation 1",
				"isLooping": false,
				"isPingPong": false,
				"repeatCount": 1,
				"repeatTo": 0,
				"speed": 5
			}
		],
		"subfolders": []
	}
}