{
	"name": "Cet",
	"plugin-id": "Sprite",
	"sid": 382184292706818,
	"isGlobal": false,
	"instanceVariables": [],
	"behaviorTypes": [
		{
			"behaviorId": "EightDir",
			"name": "8Direction",
			"sid": 809224656244729
		}
	],
	"effectTypes": [],
	"animations": {
		"items": [
			{
				"frames": [
					{
						"width": 16,
						"height": 20,
						"originX": 0.5625,
						"originY": 0.5,
						"originalSource": "",
						"exportFormat": "lossless",
						"exportQuality": 0.8,
						"imageSpriteId": 4654034,
						"collisionPoly": {
							"points": [
								0.1875,
								0.05,
								0.75,
								0.05,
								0.875,
								0.15,
								0.9375,
								0.25,
								0.9375,
								0.6,
								0.875,
								1,
								0.125,
								1,
								0.0625,
								0.55,
								0.0625,
								0.15
							]
						},
						"useCollisionPoly": true,
						"imagePoints": [
							{
								"name": "GunHold",
								"x": 0.3125,
								"y": 0.6
							}
						],
						"duration": 1,
						"tag": ""
					}
				],
				"sid": 499504355249287,
				"name": "IDLE",
				"isLooping": false,
				"isPingPong": false,
				"repeatCount": 1,
				"repeatTo": 0,
				"speed": 5
			},
			{
				"frames": [
					{
						"width": 16,
						"height": 20,
						"originX": 0.5,
						"originY": 0.5,
						"originalSource": "",
						"exportFormat": "lossless",
						"exportQuality": 0.8,
						"imageSpriteId": 5416220,
						"collisionPoly": {
							"points": [
								0.1875,
								0.05,
								0.75,
								0.05,
								0.875,
								0.15,
								0.9375,
								0.25,
								0.9375,
								0.55,
								0.875,
								1,
								0.125,
								1,
								0.0625,
								0.55,
								0.0625,
								0.15
							]
						},
						"useCollisionPoly": true,
						"duration": 1,
						"tag": ""
					},
					{
						"width": 16,
						"height": 20,
						"originX": 0.5,
						"originY": 0.5,
						"originalSource": "",
						"exportFormat": "lossless",
						"exportQuality": 0.8,
						"imageSpriteId": 2343762,
						"collisionPoly": {
							"points": [
								0.1875,
								0,
								0.75,
								0,
								0.875,
								0.1,
								0.9375,
								0.2,
								0.9375,
								0.9,
								0.375,
								0.95,
								0.0625,
								0.95,
								0.0625,
								0.1
							]
						},
						"useCollisionPoly": true,
						"duration": 1,
						"tag": ""
					},
					{
						"width": 16,
						"height": 20,
						"originX": 0.5,
						"originY": 0.5,
						"originalSource": "",
						"exportFormat": "lossless",
						"exportQuality": 0.8,
						"imageSpriteId": 644277,
						"collisionPoly": {
							"points": [
								0.1875,
								0.05,
								0.75,
								0.05,
								0.875,
								0.15,
								0.9375,
								0.25,
								0.9375,
								0.55,
								0.875,
								1,
								0.125,
								1,
								0.0625,
								0.55,
								0.0625,
								0.15
							]
						},
						"useCollisionPoly": true,
						"duration": 1,
						"tag": ""
					},
					{
						"width": 16,
						"height": 20,
						"originX": 0.5,
						"originY": 0.5,
						"originalSource": "",
						"exportFormat": "lossless",
						"exportQuality": 0.8,
						"imageSpriteId": 8121602,
						"collisionPoly": {
							"points": [
								0.1875,
								0,
								0.75,
								0,
								0.875,
								0.1,
								0.9375,
								0.2,
								1,
								0.55,
								1,
								0.9,
								0,
								0.95,
								0,
								0.6,
								0.0625,
								0.1
							]
						},
						"useCollisionPoly": true,
						"duration": 1,
						"tag": ""
					}
				],
				"sid": 853397523125248,
				"name": "RUN",
				"isLooping": false,
				"isPingPong": false,
				"repeatCount": 1,
				"repeatTo": 0,
				"speed": 5
			},
			{
				"frames": [
					{
						"width": 16,
						"height": 20,
						"originX": 0.5,
						"originY": 0.5,
						"originalSource": "",
						"exportFormat": "lossless",
						"exportQuality": 0.8,
						"imageSpriteId": 2254557,
						"collisionPoly": {
							"points": [
								0.1875,
								0.15,
								0.75,
								0.15,
								0.875,
								0.25,
								0.9375,
								0.35,
								1,
								0.85,
								1,
								1,
								0,
								1,
								0,
								0.85,
								0.0625,
								0.25
							]
						},
						"useCollisionPoly": true,
						"duration": 1,
						"tag": ""
					}
				],
				"sid": 816047474145702,
				"name": "HURT",
				"isLooping": false,
				"isPingPong": false,
				"repeatCount": 1,
				"repeatTo": 0,
				"speed": 5
			}
		],
		"subfolders": []
	}
}