{
	"name": "Dummy",
	"plugin-id": "Sprite",
	"sid": 211067476312567,
	"isGlobal": false,
	"instanceVariables": [],
	"behaviorTypes": [
		{
			"behaviorId": "EightDir",
			"name": "8Direction",
			"sid": 512772815149451
		},
		{
			"behaviorId": "LOS",
			"name": "LineOfSight",
			"sid": 283288889836808
		},
		{
			"behaviorId": "Flash",
			"name": "Flash",
			"sid": 627203849363410
		}
	],
	"effectTypes": [],
	"animations": {
		"items": [
			{
				"frames": [
					{
						"width": 16,
						"height": 17,
						"originX": 0.5,
						"originY": 0.5,
						"originalSource": "",
						"exportFormat": "lossless",
						"exportQuality": 0.8,
						"imageSpriteId": 9734871,
						"collisionPoly": {
							"points": [
								0.1875,
								0.058823529411764705,
								0.8125,
								0.058823529411764705,
								0.875,
								0.11764705882352941,
								0.875,
								1,
								0.125,
								1,
								0.125,
								0.11764705882352941
							]
						},
						"useCollisionPoly": true,
						"imagePoints": [
							{
								"name": "Image Point 1",
								"x": 0.4375,
								"y": 0.7058823529411765
							}
						],
						"duration": 1,
						"tag": ""
					},
					{
						"width": 16,
						"height": 17,
						"originX": 0.5,
						"originY": 0.5,
						"originalSource": "",
						"exportFormat": "lossless",
						"exportQuality": 0.8,
						"imageSpriteId": 8148639,
						"collisionPoly": {
							"points": [
								0.1875,
								0,
								0.8125,
								0,
								0.875,
								0.058823529411764705,
								1,
								0.47058823529411764,
								1,
								0.8823529411764706,
								0,
								0.9411764705882353,
								0,
								0.5294117647058824,
								0.125,
								0.058823529411764705
							]
						},
						"useCollisionPoly": true,
						"duration": 1,
						"tag": ""
					},
					{
						"width": 16,
						"height": 17,
						"originX": 0.5,
						"originY": 0.5,
						"originalSource": "",
						"exportFormat": "lossless",
						"exportQuality": 0.8,
						"imageSpriteId": 5197221,
						"collisionPoly": {
							"points": [
								0.1875,
								0,
								0.8125,
								0,
								0.875,
								0.058823529411764705,
								0.9375,
								0.47058823529411764,
								0.9375,
								0.8823529411764706,
								0.375,
								0.9411764705882353,
								0.0625,
								0.9411764705882353,
								0.0625,
								0.5294117647058824,
								0.125,
								0.058823529411764705
							]
						},
						"useCollisionPoly": true,
						"duration": 1,
						"tag": ""
					}
				],
				"sid": 724031649411072,
				"name": "Animation 1",
				"isLooping": false,
				"isPingPong": false,
				"repeatCount": 1,
				"repeatTo": 0,
				"speed": 5
			}
		],
		"subfolders": []
	}
}