{
	"name": "Gun",
	"plugin-id": "Sprite",
	"sid": 433340456851079,
	"isGlobal": false,
	"instanceVariables": [],
	"behaviorTypes": [
		{
			"behaviorId": "Pin",
			"name": "Pin",
			"sid": 529170698521006
		}
	],
	"effectTypes": [],
	"animations": {
		"items": [
			{
				"frames": [
					{
						"width": 16,
						"height": 10,
						"originX": -0.375,
						"originY": 0.3,
						"originalSource": "",
						"exportFormat": "lossless",
						"exportQuality": 0.8,
						"imageSpriteId": 1547976,
						"collisionPoly": {
							"points": [
								0.125,
								0.1,
								0.875,
								0.1,
								1,
								0.3,
								1,
								0.5,
								0.9375,
								0.7,
								0.75,
								1,
								0.375,
								1,
								0.125,
								0.8,
								0,
								0.6,
								0,
								0.3
							]
						},
						"useCollisionPoly": true,
						"imagePoints": [
							{
								"name": "Muzzle",
								"x": 0.875,
								"y": 0.4
							}
						],
						"duration": 1,
						"tag": ""
					}
				],
				"sid": 299404417648602,
				"name": "Animation 1",
				"isLooping": false,
				"isPingPong": false,
				"repeatCount": 1,
				"repeatTo": 0,
				"speed": 5
			}
		],
		"subfolders": []
	}
}