{
	"name": "level2Tilemap",
	"plugin-id": "Tilemap",
	"sid": 294557423617188,
	"isGlobal": false,
	"instanceVariables": [],
	"behaviorTypes": [
		{
			"behaviorId": "solid",
			"name": "Solid",
			"sid": 679394293288621
		}
	],
	"effectTypes": [],
	"image": {
		"width": 64,
		"height": 64,
		"originX": 0.5,
		"originY": 0.5,
		"originalSource": "",
		"exportFormat": "lossless",
		"exportQuality": 0.8,
		"imageSpriteId": 2326874,
		"useCollisionPoly": true,
		"tag": ""
	},
	"tile-collision-polys": {}
}