{
	"name": "Sprite4",
	"plugin-id": "Sprite",
	"sid": 291166228909965,
	"isGlobal": false,
	"instanceVariables": [
		{
			"name": "HP",
			"type": "number",
			"desc": "",
			"show": true,
			"sid": 392170737512290
		}
	],
	"behaviorTypes": [],
	"effectTypes": [],
	"animations": {
		"items": [
			{
				"frames": [
					{
						"width": 11,
						"height": 15,
						"originX": 0.5,
						"originY": 0.5,
						"originalSource": "",
						"exportFormat": "lossless",
						"exportQuality": 0.8,
						"imageSpriteId": 1208339,
						"collisionPoly": {
							"points": [
								0.2727272727272727,
								0,
								0.7272727272727273,
								0,
								1,
								0.2,
								1,
								1,
								0,
								1,
								0,
								0.2
							]
						},
						"useCollisionPoly": true,
						"imagePoints": [
							{
								"name": "HP",
								"x": 0.45454545454545453,
								"y": -0.06666666666666667
							}
						],
						"duration": 1,
						"tag": ""
					},
					{
						"width": 11,
						"height": 15,
						"originX": 0.5,
						"originY": 0.5,
						"originalSource": "",
						"exportFormat": "lossless",
						"exportQuality": 0.8,
						"imageSpriteId": 9606085,
						"collisionPoly": {
							"points": [
								0.2727272727272727,
								0,
								0.7272727272727273,
								0,
								1,
								0.2,
								1,
								1,
								0,
								1,
								0,
								0.2
							]
						},
						"useCollisionPoly": true,
						"imagePoints": [
							{
								"name": "HP",
								"x": 0.45454545454545453,
								"y": -0.13333333333333333
							}
						],
						"duration": 1,
						"tag": ""
					}
				],
				"sid": 815270358421331,
				"name": "Animation 1",
				"isLooping": false,
				"isPingPong": false,
				"repeatCount": 1,
				"repeatTo": 0,
				"speed": 5
			}
		],
		"subfolders": []
	}
}