{
	"name": "Sprite5",
	"plugin-id": "Sprite",
	"sid": 874189059400441,
	"isGlobal": false,
	"instanceVariables": [],
	"behaviorTypes": [],
	"effectTypes": [],
	"animations": {
		"items": [
			{
				"frames": [
					{
						"width": 8,
						"height": 6,
						"originX": 0.5,
						"originY": 0.5,
						"originalSource": "",
						"exportFormat": "lossless",
						"exportQuality": 0.8,
						"imageSpriteId": 9841793,
						"collisionPoly": {
							"points": [
								0.25,
								0,
								0.75,
								0,
								0.875,
								0.16666666666666666,
								0.875,
								0.8333333333333334,
								0.75,
								1,
								0.25,
								1,
								0.125,
								0.8333333333333334,
								0.125,
								0.16666666666666666
							]
						},
						"useCollisionPoly": true,
						"duration": 1,
						"tag": ""
					},
					{
						"width": 8,
						"height": 6,
						"originX": 0.5,
						"originY": 0.5,
						"originalSource": "",
						"exportFormat": "lossless",
						"exportQuality": 0.8,
						"imageSpriteId": 9324982,
						"collisionPoly": {
							"points": [
								0.125,
								0,
								0.875,
								0,
								1,
								0.16666666666666666,
								1,
								0.8333333333333334,
								0.875,
								1,
								0.125,
								1,
								0,
								0.8333333333333334,
								0,
								0.16666666666666666
							]
						},
						"useCollisionPoly": true,
						"duration": 1,
						"tag": ""
					}
				],
				"sid": 786407622028371,
				"name": "Animation 1",
				"isLooping": true,
				"isPingPong": false,
				"repeatCount": 1,
				"repeatTo": 0,
				"speed": 5
			}
		],
		"subfolders": []
	}
}