{
	"name": "Sprite2",
	"plugin-id": "Sprite",
	"sid": 467134782588005,
	"isGlobal": false,
	"instanceVariables": [
		{
			"name": "DMG",
			"type": "number",
			"desc": "",
			"show": true,
			"sid": 556140255563672
		}
	],
	"behaviorTypes": [
		{
			"behaviorId": "Bullet",
			"name": "Bullet",
			"sid": 410942343089024
		},
		{
			"behaviorId": "destroy",
			"name": "DestroyOutsideLayout",
			"sid": 548426854750278
		}
	],
	"effectTypes": [],
	"animations": {
		"items": [
			{
				"frames": [
					{
						"width": 12,
						"height": 6,
						"originX": 0.5,
						"originY": 0.5,
						"originalSource": "",
						"exportFormat": "lossless",
						"exportQuality": 0.8,
						"imageSpriteId": 2725850,
						"collisionPoly": {
							"points": [
								0.08333333333333333,
								0,
								0.9166666666666666,
								0,
								1,
								0.16666666666666666,
								1,
								0.8333333333333334,
								0.9144143456811303,
								1,
								0.08333333333333333,
								1,
								0,
								0.8333333333333334,
								0,
								0.16666666666666666
							]
						},
						"useCollisionPoly": true,
						"duration": 1,
						"tag": ""
					},
					{
						"width": 12,
						"height": 6,
						"originX": 0.5,
						"originY": 0.5,
						"originalSource": "",
						"exportFormat": "lossless",
						"exportQuality": 0.8,
						"imageSpriteId": 2879822,
						"collisionPoly": {
							"points": [
								0.16666666666666666,
								0,
								0.8333333333333334,
								0,
								0.9166666666666666,
								0.16666666666666666,
								0.9166666666666666,
								0.8333333333333334,
								0.8333333333333334,
								1,
								0.16666666666666666,
								1,
								0.08333333333333333,
								0.8333333333333334,
								0.08333333333333333,
								0.16666666666666666
							]
						},
						"useCollisionPoly": true,
						"duration": 1,
						"tag": ""
					}
				],
				"sid": 916580358480722,
				"name": "Animation 1",
				"isLooping": true,
				"isPingPong": false,
				"repeatCount": 1,
				"repeatTo": 0,
				"speed": 5
			}
		],
		"subfolders": []
	}
}