{
	"name": "Sprite3",
	"plugin-id": "Sprite",
	"sid": 734965643118149,
	"isGlobal": false,
	"instanceVariables": [],
	"behaviorTypes": [],
	"effectTypes": [],
	"animations": {
		"items": [
			{
				"frames": [
					{
						"width": 16,
						"height": 16,
						"originX": 0.5,
						"originY": 0.5,
						"originalSource": "",
						"exportFormat": "lossless",
						"exportQuality": 0.8,
						"imageSpriteId": 5970322,
						"collisionPoly": {
							"points": [
								0.1875,
								0.0625,
								0.8125,
								0.0625,
								0.9375,
								0.1875,
								0.9375,
								0.9375,
								0.25,
								0.9375,
								0.0625,
								0.8125,
								0.0625,
								0.1875
							]
						},
						"useCollisionPoly": true,
						"duration": 1,
						"tag": ""
					}
				],
				"sid": 863684681202592,
				"name": "Animation 1",
				"isLooping": false,
				"isPingPong": false,
				"repeatCount": 1,
				"repeatTo": 0,
				"speed": 5
			}
		],
		"subfolders": []
	}
}