{
	"name": "Sprite",
	"plugin-id": "Sprite",
	"sid": 779351963453195,
	"isGlobal": false,
	"instanceVariables": [],
	"behaviorTypes": [],
	"effectTypes": [],
	"animations": {
		"items": [
			{
				"frames": [
					{
						"width": 16,
						"height": 10,
						"originX": 0.5,
						"originY": 0.5,
						"originalSource": "",
						"exportFormat": "lossless",
						"exportQuality": 0.8,
						"imageSpriteId": 1405055,
						"collisionPoly": {
							"points": [
								0.125,
								0.1,
								0.9375,
								0.1,
								1,
								0.2,
								1,
								0.7,
								0.9375,
								0.8,
								0.75,
								1,
								0.375,
								1,
								0.125,
								0.8,
								0,
								0.6,
								0,
								0.3
							]
						},
						"useCollisionPoly": true,
						"duration": 1,
						"tag": ""
					}
				],
				"sid": 327996270670851,
				"name": "Animation 1",
				"isLooping": false,
				"isPingPong": false,
				"repeatCount": 1,
				"repeatTo": 0,
				"speed": 5
			}
		],
		"subfolders": []
	}
}