{
	"name": "Tower",
	"plugin-id": "Sprite",
	"sid": 331324717959696,
	"isGlobal": false,
	"instanceVariables": [],
	"behaviorTypes": [],
	"effectTypes": [],
	"animations": {
		"items": [
			{
				"frames": [
					{
						"width": 16,
						"height": 16,
						"originX": 0.5,
						"originY": 0.5,
						"originalSource": "",
						"exportFormat": "lossless",
						"exportQuality": 0.8,
						"imageSpriteId": 3987906,
						"collisionPoly": {
							"points": [
								0.4375,
								0,
								0.5625,
								0,
								0.9375,
								0.0625,
								1,
								0.4375,
								1,
								0.5625,
								0.9375,
								0.9375,
								0.5625,
								1,
								0.4375,
								1,
								0.0625,
								0.9375,
								0,
								0.5625,
								0,
								0.4375,
								0.0625,
								0.0625
							]
						},
						"useCollisionPoly": true,
						"duration": 1,
						"tag": ""
					}
				],
				"sid": 158986975349926,
				"name": "Animation 1",
				"isLooping": false,
				"isPingPong": false,
				"repeatCount": 1,
				"repeatTo": 0,
				"speed": 5
			}
		],
		"subfolders": []
	}
}