{
	"name": "Спрайт",
	"plugin-id": "Sprite",
	"sid": 176704529595993,
	"isGlobal": false,
	"instanceVariables": [
		{
			"name": "Flag",
			"type": "number",
			"desc": "",
			"show": true,
			"sid": 577543899468497
		}
	],
	"behaviorTypes": [
		{
			"behaviorId": "destroy",
			"name": "ЗнищенняПозаРівнем",
			"sid": 267229799029082
		}
	],
	"effectTypes": [],
	"animations": {
		"items": [
			{
				"frames": [
					{
						"width": 16,
						"height": 16,
						"originX": 0.5,
						"originY": 0.5,
						"originalSource": "",
						"exportFormat": "lossless",
						"exportQuality": 0.8,
						"imageSpriteId": 6684065,
						"collisionPoly": {
							"points": [
								0.125,
								0,
								0.875,
								0,
								1,
								0.125,
								1,
								0.875,
								0.875,
								1,
								0.125,
								1,
								0,
								0.875,
								0,
								0.125
							]
						},
						"useCollisionPoly": true,
						"duration": 1,
						"tag": ""
					}
				],
				"sid": 202621866682507,
				"name": "on",
				"isLooping": false,
				"isPingPong": false,
				"repeatCount": 1,
				"repeatTo": 0,
				"speed": 5
			},
			{
				"frames": [
					{
						"width": 16,
						"height": 16,
						"originX": 0.5,
						"originY": 0.5,
						"originalSource": "",
						"exportFormat": "lossless",
						"exportQuality": 0.8,
						"imageSpriteId": 4635067,
						"collisionPoly": {
							"points": [
								0.125,
								0,
								0.875,
								0,
								1,
								0.125,
								1,
								0.875,
								0.875,
								1,
								0.125,
								1,
								0,
								0.875,
								0,
								0.125
							]
						},
						"useCollisionPoly": true,
						"duration": 1,
						"tag": ""
					}
				],
				"sid": 361445025436975,
				"name": "off",
				"isLooping": false,
				"isPingPong": false,
				"repeatCount": 1,
				"repeatTo": 0,
				"speed": 5
			}
		],
		"subfolders": []
	}
}