{
	"name": "Event sheet 1",
	"events": [
		{
			"eventType": "variable",
			"name": "GlobalFlag",
			"type": "number",
			"initialValue": "0",
			"comment": "",
			"isStatic": false,
			"isConstant": false,
			"sid": 672126058646301
		},
		{
			"eventType": "group",
			"disabled": true,
			"title": "Камера персонажа",
			"description": "",
			"isActiveOnStart": true,
			"children": [
				{
					"eventType": "block",
					"conditions": [
						{
							"id": "on-start-of-layout",
							"objectClass": "System",
							"sid": 441160473634219
						}
					],
					"actions": [
						{
							"id": "set-position-to-another-object",
							"objectClass": "camera",
							"sid": 834772841626427,
							"parameters": {
								"object": "Cet",
								"image-point-optional": "0"
							}
						},
						{
							"id": "pin-to-object-imagepoint",
							"objectClass": "camera",
							"sid": 957261980501470,
							"behaviorType": "Pin",
							"parameters": {
								"pin-to": "Cet",
								"image-point": "0",
								"angle": true,
								"width-type": "no",
								"height-type": "no",
								"z": false
							}
						}
					],
					"sid": 360139488735585,
					"disabled": true
				}
			],
			"sid": 990453566002581
		},
		{
			"eventType": "group",
			"disabled": false,
			"title": "Камера рівня",
			"description": "",
			"isActiveOnStart": true,
			"children": [
				{
					"eventType": "block",
					"conditions": [
						{
							"id": "is-overlapping-another-object",
							"objectClass": "Cet",
							"sid": 499937177223312,
							"parameters": {
								"object": "level1Tilemap"
							}
						}
					],
					"actions": [
						{
							"id": "set-position",
							"objectClass": "camera",
							"sid": 215761779998380,
							"parameters": {
								"x": "level2Tilemap.X + level2Tilemap.Width/2",
								"y": "level2Tilemap.Y + level2Tilemap.Height/2"
							}
						}
					],
					"sid": 762547748334131
				}
			],
			"sid": 189766099698791
		},
		{
			"eventType": "block",
			"conditions": [
				{
					"id": "key-is-down",
					"objectClass": "Keyboard",
					"sid": 220542128107222,
					"parameters": {
						"key": 37
					}
				}
			],
			"actions": [
				{
					"id": "set-mirrored",
					"objectClass": "Cet",
					"sid": 539922708973530,
					"parameters": {
						"state": "mirrored"
					}
				}
			],
			"sid": 711849560673403
		},
		{
			"eventType": "block",
			"conditions": [
				{
					"id": "key-is-down",
					"objectClass": "Keyboard",
					"sid": 242507121196347,
					"parameters": {
						"key": 39
					}
				}
			],
			"actions": [
				{
					"id": "set-mirrored",
					"objectClass": "Cet",
					"sid": 637414821673453,
					"parameters": {
						"state": "not-mirrored"
					}
				}
			],
			"sid": 975207785384209
		},
		{
			"eventType": "block",
			"conditions": [
				{
					"id": "key-is-down",
					"objectClass": "Keyboard",
					"sid": 911115936743549,
					"parameters": {
						"key": 82
					}
				}
			],
			"actions": [
				{
					"id": "set-x",
					"objectClass": "Cet",
					"sid": 386580079235615,
					"parameters": {
						"x": "195"
					}
				},
				{
					"id": "set-y",
					"objectClass": "Cet",
					"sid": 656512830346574,
					"parameters": {
						"y": "185"
					}
				}
			],
			"sid": 491197619048164
		},
		{
			"eventType": "block",
			"conditions": [
				{
					"id": "on-start-of-layout",
					"objectClass": "System",
					"sid": 298452263798834
				}
			],
			"actions": [
				{
					"id": "set-cursor-from-sprite",
					"objectClass": "Mouse",
					"sid": 250062942194324,
					"parameters": {
						"sprite": "Cursor"
					}
				}
			],
			"sid": 165793952554365
		},
		{
			"eventType": "block",
			"conditions": [
				{
					"id": "on-created",
					"objectClass": "Gun",
					"sid": 536046740903107
				}
			],
			"actions": [
				{
					"id": "set-position-to-another-object",
					"objectClass": "Gun",
					"sid": 480508475962564,
					"parameters": {
						"object": "Cet",
						"image-point-optional": "1"
					}
				},
				{
					"id": "pin-to-object-properties",
					"objectClass": "Gun",
					"sid": 886879632190633,
					"behaviorType": "Pin",
					"parameters": {
						"pin-to": "Cet",
						"x": true,
						"y": true,
						"angle": true,
						"width-type": "no",
						"height-type": "no",
						"z": false
					}
				}
			],
			"sid": 846286886783220
		},
		{
			"eventType": "block",
			"conditions": [
				{
					"id": "every-tick",
					"objectClass": "System",
					"sid": 182812253486249
				}
			],
			"actions": [
				{
					"id": "set-angle-toward-position",
					"objectClass": "Gun",
					"sid": 521027616215262,
					"parameters": {
						"x": "Mouse.X",
						"y": "Mouse.Y"
					}
				}
			],
			"sid": 927551588806494
		},
		{
			"eventType": "block",
			"conditions": [
				{
					"id": "on-click",
					"objectClass": "Mouse",
					"sid": 946903261043863,
					"parameters": {
						"mouse-button": "left",
						"click-type": "clicked"
					}
				}
			],
			"actions": [
				{
					"id": "spawn-another-object",
					"objectClass": "Gun",
					"sid": 116168894492987,
					"parameters": {
						"object": "Sprite2",
						"layer": "4",
						"image-point": "1",
						"create-hierarchy": false
					}
				}
			],
			"sid": 272304107597792
		},
		{
			"eventType": "group",
			"disabled": false,
			"title": "Чекпоінт",
			"description": "",
			"isActiveOnStart": true,
			"children": [
				{
					"eventType": "block",
					"conditions": [
						{
							"id": "on-collision-with-another-object",
							"objectClass": "Cet",
							"sid": 626577500543785,
							"parameters": {
								"object": "Спрайт"
							}
						}
					],
					"actions": [
						{
							"id": "set-eventvar-value",
							"objectClass": "System",
							"sid": 550779898905414,
							"parameters": {
								"variable": "GlobalFlag",
								"value": "Спрайт.Flag"
							}
						},
						{
							"id": "spawn-another-object",
							"objectClass": "Спрайт",
							"sid": 988507133498409,
							"parameters": {
								"object": "Cet",
								"layer": "\"Character\"",
								"image-point": "0",
								"create-hierarchy": false
							}
						}
					],
					"sid": 460869641768744
				},
				{
					"eventType": "block",
					"conditions": [
						{
							"id": "on-destroyed",
							"objectClass": "Cet",
							"sid": 127674779845282
						},
						{
							"id": "compare-instance-variable",
							"objectClass": "Спрайт",
							"sid": 403312513719899,
							"parameters": {
								"instance-variable": "Flag",
								"comparison": 0,
								"value": "GlobalFlag"
							}
						},
						{
							"id": "compare-instance-variable",
							"objectClass": "Спрайт",
							"sid": 410687178361485,
							"parameters": {
								"instance-variable": "Flag",
								"comparison": 0,
								"value": "GlobalFlag"
							}
						}
					],
					"actions": [
						{
							"id": "set-animation",
							"objectClass": "Спрайт",
							"sid": 949930844704239,
							"parameters": {
								"animation": "\"on\"",
								"from": "beginning"
							}
						}
					],
					"sid": 866334823969744
				}
			],
			"sid": 624033924998216
		},
		{
			"eventType": "block",
			"conditions": [],
			"actions": [],
			"sid": 892253368566532
		},
		{
			"eventType": "group",
			"disabled": false,
			"title": "Dmg",
			"description": "",
			"isActiveOnStart": true,
			"children": [
				{
					"eventType": "block",
					"conditions": [
						{
							"id": "on-collision-with-another-object",
							"objectClass": "Sprite2",
							"sid": 247248557519200,
							"parameters": {
								"object": "Box"
							}
						}
					],
					"actions": [
						{
							"id": "destroy",
							"objectClass": "Sprite2",
							"sid": 614053313560386
						}
					],
					"sid": 526968031356638
				},
				{
					"eventType": "block",
					"conditions": [
						{
							"id": "compare-instance-variable",
							"objectClass": "Box",
							"sid": 406186545647119,
							"parameters": {
								"instance-variable": "HP",
								"comparison": 3,
								"value": "0"
							}
						}
					],
					"actions": [],
					"sid": 427583632402680
				}
			],
			"sid": 515489705364709
		},
		{
			"eventType": "block",
			"conditions": [
				{
					"id": "every-tick",
					"objectClass": "System",
					"sid": 569117397478072
				}
			],
			"actions": [
				{
					"id": "move-at-angle",
					"objectClass": "Sprite4",
					"sid": 680190849598731,
					"parameters": {
						"angle": "angle(Sprite4.X,  Sprite4.Y, Cet.X, Cet.Y  )",
						"distance": "1"
					}
				}
			],
			"sid": 985104956132503
		},
		{
			"eventType": "block",
			"conditions": [
				{
					"id": "on-collision-with-another-object",
					"objectClass": "Sprite2",
					"sid": 687897368765514,
					"parameters": {
						"object": "Sprite4"
					}
				}
			],
			"actions": [
				{
					"id": "destroy",
					"objectClass": "Sprite2",
					"sid": 165693705263552
				}
			],
			"sid": 393782348464482
		},
		{
			"eventType": "block",
			"conditions": [
				{
					"id": "compare-instance-variable",
					"objectClass": "Sprite4",
					"sid": 238140888478264,
					"parameters": {
						"instance-variable": "HP",
						"comparison": 3,
						"value": "0"
					}
				}
			],
			"actions": [
				{
					"id": "destroy",
					"objectClass": "Sprite4",
					"sid": 337783371986514
				}
			],
			"sid": 193203231215633
		},
		{
			"eventType": "block",
			"conditions": [
				{
					"id": "on-created",
					"objectClass": "Sprite4",
					"sid": 307343821735233
				}
			],
			"actions": [
				{
					"id": "pin-to-object-imagepoint",
					"objectClass": "HP",
					"sid": 421672072954137,
					"behaviorType": "Pin",
					"parameters": {
						"pin-to": "Sprite4",
						"image-point": "1",
						"angle": true,
						"width-type": "no",
						"height-type": "no",
						"z": false
					}
				},
				{
					"id": "set-position-to-another-object",
					"objectClass": "HP",
					"sid": 906848020080679,
					"parameters": {
						"object": "Sprite4",
						"image-point-optional": "1"
					}
				},
				{
					"id": "set-width",
					"objectClass": "HP",
					"sid": 457039944924033,
					"parameters": {
						"width": "Sprite4.HP * 5"
					}
				}
			],
			"sid": 309400435623693
		},
		{
			"eventType": "block",
			"conditions": [
				{
					"id": "every-x-seconds",
					"objectClass": "System",
					"sid": 749809385242067,
					"parameters": {
						"interval-seconds": "10"
					}
				}
			],
			"actions": [],
			"sid": 672101300730850
		},
		{
			"eventType": "block",
			"conditions": [
				{
					"id": "has-los-to-object",
					"objectClass": "Dummy",
					"sid": 475700484722707,
					"behaviorType": "LineOfSight",
					"parameters": {
						"object": "Cet",
						"image-point": "0"
					}
				},
				{
					"id": "compare-x",
					"objectClass": "Dummy",
					"sid": 290309728322095,
					"parameters": {
						"comparison": 4,
						"x-co-ordinate": "Cet.X"
					}
				}
			],
			"actions": [
				{
					"id": "simulate-control",
					"objectClass": "Dummy",
					"sid": 914634576169995,
					"behaviorType": "8Direction",
					"parameters": {
						"control": "left"
					}
				}
			],
			"sid": 491967527920321
		},
		{
			"eventType": "block",
			"conditions": [
				{
					"id": "has-los-to-object",
					"objectClass": "Dummy",
					"sid": 542333716243263,
					"behaviorType": "LineOfSight",
					"parameters": {
						"object": "Cet",
						"image-point": "0"
					}
				},
				{
					"id": "compare-x",
					"objectClass": "Dummy",
					"sid": 402896156589574,
					"parameters": {
						"comparison": 2,
						"x-co-ordinate": "Cet.X"
					}
				}
			],
			"actions": [
				{
					"id": "simulate-control",
					"objectClass": "Dummy",
					"sid": 636427876344942,
					"behaviorType": "8Direction",
					"parameters": {
						"control": "right"
					}
				}
			],
			"sid": 915104890154883
		},
		{
			"eventType": "block",
			"conditions": [
				{
					"id": "has-los-to-object",
					"objectClass": "Dummy",
					"sid": 994869396344907,
					"behaviorType": "LineOfSight",
					"parameters": {
						"object": "Cet",
						"image-point": "0"
					}
				},
				{
					"id": "compare-y",
					"objectClass": "Dummy",
					"sid": 894142603123739,
					"parameters": {
						"comparison": 4,
						"y-co-ordinate": "Cet.Y"
					}
				}
			],
			"actions": [
				{
					"id": "simulate-control",
					"objectClass": "Dummy",
					"sid": 962745208618688,
					"behaviorType": "8Direction",
					"parameters": {
						"control": "up"
					}
				}
			],
			"sid": 223335729142167
		},
		{
			"eventType": "block",
			"conditions": [
				{
					"id": "has-los-to-object",
					"objectClass": "Dummy",
					"sid": 650319430252447,
					"behaviorType": "LineOfSight",
					"parameters": {
						"object": "Cet",
						"image-point": "0"
					}
				},
				{
					"id": "compare-y",
					"objectClass": "Dummy",
					"sid": 933847306517278,
					"parameters": {
						"comparison": 2,
						"y-co-ordinate": "Cet.Y"
					}
				}
			],
			"actions": [
				{
					"id": "simulate-control",
					"objectClass": "Dummy",
					"sid": 943548637393742,
					"behaviorType": "8Direction",
					"parameters": {
						"control": "down"
					}
				}
			],
			"sid": 878915141375505
		},
		{
			"eventType": "block",
			"conditions": [
				{
					"id": "on-created",
					"objectClass": "Sprite",
					"sid": 734506560883899
				}
			],
			"actions": [
				{
					"id": "set-position-to-another-object",
					"objectClass": "Sprite",
					"sid": 562205963768037,
					"parameters": {
						"object": "Dummy",
						"image-point-optional": "1"
					}
				}
			],
			"sid": 689213160044759
		},
		{
			"eventType": "block",
			"conditions": [
				{
					"id": "is-between-angles",
					"objectClass": "Sprite",
					"sid": 149427346057222,
					"parameters": {
						"first-angle": "-90",
						"second-angle": "90"
					}
				}
			],
			"actions": [
				{
					"id": "set-mirrored",
					"objectClass": "Sprite",
					"sid": 995345800818080,
					"parameters": {
						"state": "not-mirrored"
					}
				}
			],
			"sid": 808014537458028
		},
		{
			"eventType": "block",
			"conditions": [
				{
					"id": "is-between-angles",
					"objectClass": "Sprite",
					"sid": 288662195311001,
					"parameters": {
						"first-angle": "-90",
						"second-angle": "90"
					},
					"isInverted": true
				}
			],
			"actions": [
				{
					"id": "set-mirrored",
					"objectClass": "Sprite",
					"sid": 716348048036162,
					"parameters": {
						"state": "mirrored"
					}
				}
			],
			"sid": 972844371596142
		},
		{
			"eventType": "block",
			"conditions": [
				{
					"id": "every-tick",
					"objectClass": "System",
					"sid": 391809370595402
				}
			],
			"actions": [
				{
					"id": "rotate-toward-position",
					"objectClass": "Sprite",
					"sid": 353888682148003,
					"parameters": {
						"degrees": "1",
						"x": "Cet.X",
						"y": "Cet.Y"
					}
				}
			],
			"sid": 584096268406154
		},
		{
			"eventType": "block",
			"conditions": [
				{
					"id": "every-tick",
					"objectClass": "System",
					"sid": 927254260503328
				}
			],
			"actions": [],
			"sid": 422226127039040
		},
		{
			"eventType": "block",
			"conditions": [
				{
					"id": "every-x-seconds",
					"objectClass": "System",
					"sid": 896434254230497,
					"parameters": {
						"interval-seconds": "2.0"
					}
				}
			],
			"actions": [
				{
					"id": "spawn-another-object",
					"objectClass": "Tower",
					"sid": 567876696946219,
					"parameters": {
						"object": "Sprite5",
						"layer": "4",
						"image-point": "0",
						"create-hierarchy": true
					}
				},
				{
					"id": "set-angle",
					"objectClass": "Sprite5",
					"sid": 622522785311720,
					"parameters": {
						"angle": "0"
					}
				},
				{
					"id": "spawn-another-object",
					"objectClass": "Tower",
					"sid": 191215199544823,
					"parameters": {
						"object": "Sprite5",
						"layer": "4",
						"image-point": "0",
						"create-hierarchy": true
					}
				},
				{
					"id": "set-angle",
					"objectClass": "Sprite5",
					"sid": 945948520796962,
					"parameters": {
						"angle": "90"
					}
				},
				{
					"id": "spawn-another-object",
					"objectClass": "Tower",
					"sid": 736981045776423,
					"parameters": {
						"object": "Sprite5",
						"layer": "4",
						"image-point": "0",
						"create-hierarchy": true
					}
				},
				{
					"id": "set-angle",
					"objectClass": "Sprite5",
					"sid": 490891315436230,
					"parameters": {
						"angle": "180"
					}
				},
				{
					"id": "spawn-another-object",
					"objectClass": "Tower",
					"sid": 984550117331332,
					"parameters": {
						"object": "Sprite5",
						"layer": "4",
						"image-point": "0",
						"create-hierarchy": true
					}
				},
				{
					"id": "set-angle",
					"objectClass": "Sprite5",
					"sid": 379216258337352,
					"parameters": {
						"angle": "270"
					}
				}
			],
			"sid": 177997098382345
		}
	],
	"sid": 712598343773761
}